{"cameraMode":{"drawMode":0,"name":"Shaded","section":"Shading Mode"},"sceneLighting":true,"audioPlay":false,"sceneViewState":{"m_AlwaysRefresh":false,"showFog":true,"showSkybox":true,"showFlares":true,"showImageEffects":true,"showParticleSystems":true,"showVisualEffectGraphs":true,"m_FxEnabled":true},"in2DMode":false,"pivot":{"x":-2.320648431777954,"y":-7.184635162353516,"z":5.906165599822998},"rotation":{"x":-0.28831660747528078,"y":-0.014619093388319016,"z":0.004383590538054705,"w":-0.9574084877967835},"size":13.592825889587403,"orthographic":false}