{"cameraMode":{"drawMode":0,"name":"Shaded","section":"Shading Mode"},"sceneLighting":true,"audioPlay":false,"sceneViewState":{"m_AlwaysRefresh":false,"showFog":true,"showSkybox":true,"showFlares":true,"showImageEffects":true,"showParticleSystems":true,"showVisualEffectGraphs":true,"m_FxEnabled":true},"in2DMode":false,"pivot":{"x":-3.1201624870300295,"y":-3.502568244934082,"z":-1.3288278579711915},"rotation":{"x":-0.48809322714805605,"y":0.01784329116344452,"z":-0.009935997426509858,"w":-0.8725898265838623},"size":7.670045375823975,"orthographic":false}